Class Name,Type
appeng.integration.modules.NEIHelpers.NEIAEShapedRecipeHandler,crafting
appeng.integration.modules.NEIHelpers.NEIAEShapelessRecipeHandler,crafting
appeng.integration.modules.NEIHelpers.NEIInscriberRecipeHandler,crafting
appeng.integration.modules.NEIHelpers.NEIWorldCraftingHandler,crafting
appeng.integration.modules.NEIHelpers.NEIGrinderRecipeHandler,crafting
appeng.integration.modules.NEIHelpers.NEIFacadeRecipeHandler,crafting
buildcraft.compat.nei.RecipeHandlerRefinery,crafting
buildcraft.compat.nei.RecipeHandlerAssemblyTable,crafting
buildcraft.compat.nei.RecipeHandlerIntegrationTable,crafting
com.plugins.SugarFurnaceRecipesHandler,crafting
com.plugins.SugarFactoryRecipesHandler,crafting
com.plugins.AdvancedSugarFactoryRecipesHandler,crafting
gcewing.projectblue.nei.NEIRecipeHandler,crafting
codechicken.nei.recipe.ShapedRecipeHandler,crafting
codechicken.nei.recipe.ShapelessRecipeHandler,crafting
codechicken.nei.recipe.FireworkRecipeHandler,crafting
codechicken.nei.recipe.FurnaceRecipeHandler,crafting
codechicken.nei.recipe.BrewingRecipeHandler,crafting
codechicken.nei.recipe.FuelRecipeHandler,crafting
codechicken.nei.recipe.ProfilerRecipeHandler,crafting
aroma1997.core.recipes.nei.ShapedAromicRecipeHandler,crafting
aroma1997.core.recipes.nei.ShapelessAromicRecipeHandler,crafting
factorization.nei.RecipeCrystallizer,crafting
factorization.nei.RecipeGrinder,crafting
factorization.nei.RecipeSlagFurnace,crafting
logisticspipes.nei.NEISolderingStationRecipeManager,crafting
mekanism.client.nei.EnrichmentChamberRecipeHandler,crafting
mekanism.client.nei.OsmiumCompressorRecipeHandler,crafting
mekanism.client.nei.CrusherRecipeHandler,crafting
mekanism.client.nei.CombinerRecipeHandler,crafting
mekanism.client.nei.MetallurgicInfuserRecipeHandler,crafting
mekanism.client.nei.PurificationChamberRecipeHandler,crafting
mekanism.client.nei.ChemicalInjectionChamberRecipeHandler,crafting
mekanism.client.nei.MekanismRecipeHandler,crafting
mekanism.client.nei.ChemicalOxidizerRecipeHandler,crafting
mekanism.client.nei.ChemicalInfuserRecipeHandler,crafting
mekanism.client.nei.RotaryCondensentratorRecipeHandler,crafting
mekanism.client.nei.ElectrolyticSeparatorRecipeHandler,crafting
mekanism.client.nei.PrecisionSawmillRecipeHandler,crafting
mekanism.client.nei.SolarEvaporationRecipeHandler,crafting
mekanism.client.nei.ChemicalDissolutionChamberRecipeHandler,crafting
mekanism.client.nei.ChemicalWasherRecipeHandler,crafting
mekanism.client.nei.ChemicalCrystallizerRecipeHandler,crafting
mekanism.client.nei.PRCRecipeHandler,crafting
mekanism.client.nei.SolarNeutronRecipeHandler,crafting
mrtjp.projectred.core.libmc.recipe.PRShapedRecipeHandler,crafting
mrtjp.projectred.core.libmc.recipe.PRShapelessRecipeHandler,crafting
lumien.randomthings.Handler.ModCompability.NEI.ImbuingStationRecipeHandler,crafting
micdoodle8.mods.galacticraft.core.nei.RocketT1RecipeHandler,crafting
micdoodle8.mods.galacticraft.core.nei.BuggyRecipeHandler,crafting
micdoodle8.mods.galacticraft.core.nei.RefineryRecipeHandler,crafting
micdoodle8.mods.galacticraft.core.nei.CircuitFabricatorRecipeHandler,crafting
micdoodle8.mods.galacticraft.core.nei.IngotCompressorRecipeHandler,crafting
micdoodle8.mods.galacticraft.core.nei.ElectricIngotCompressorRecipeHandler,crafting
cofh.thermalexpansion.plugins.nei.handlers.RecipeHandlerCraftingMachine,crafting
cofh.thermalexpansion.plugins.nei.handlers.RecipeHandlerCraftingUpgrade,crafting
cofh.thermalexpansion.plugins.nei.handlers.RecipeHandlerCraftingSecure,crafting
cofh.thermalexpansion.plugins.nei.handlers.RecipeHandlerFurnace,crafting
cofh.thermalexpansion.plugins.nei.handlers.RecipeHandlerPulverizer,crafting
cofh.thermalexpansion.plugins.nei.handlers.RecipeHandlerSawmill,crafting
cofh.thermalexpansion.plugins.nei.handlers.RecipeHandlerSmelter,crafting
cofh.thermalexpansion.plugins.nei.handlers.RecipeHandlerCrucible,crafting
cofh.thermalexpansion.plugins.nei.handlers.RecipeHandlerTransposer,crafting
cofh.thermalexpansion.plugins.nei.handlers.RecipeHandlerInsolator,crafting
cofh.thermalexpansion.plugins.nei.handlers.RecipeHandlerCharger,crafting
WayofTime.alchemicalWizardry.client.nei.NEIAlchemyRecipeHandler,crafting
WayofTime.alchemicalWizardry.client.nei.NEIAltarRecipeHandler,crafting
WayofTime.alchemicalWizardry.client.nei.NEIBloodOrbShapedHandler,crafting
WayofTime.alchemicalWizardry.client.nei.NEIBloodOrbShapelessHandler,crafting
WayofTime.alchemicalWizardry.client.nei.NEIBindingRitualHandler,crafting
vazkii.botania.client.integration.nei.RecipeHandlerFloatingFlowers,crafting
vazkii.botania.client.integration.nei.RecipeHandlerPetalApothecary,crafting
vazkii.botania.client.integration.nei.RecipeHandlerRunicAltar,crafting
vazkii.botania.client.integration.nei.RecipeHandlerManaPool,crafting
vazkii.botania.client.integration.nei.RecipeHandlerElvenTrade,crafting
vazkii.botania.client.integration.nei.RecipeHandlerBrewery,crafting
buildcraftAdditions.compat.nei.DustingRecipeHandler,crafting
com.cricketcraft.chisel.compat.nei.RecipeHandlerChisel,crafting
tconstruct.plugins.nei.RecipeHandlerDryingRack,crafting
tconstruct.plugins.nei.RecipeHandlerToolMaterials,crafting
tconstruct.plugins.nei.RecipeHandlerMelting,crafting
tconstruct.plugins.nei.RecipeHandlerAlloying,crafting
tconstruct.plugins.nei.RecipeHandlerCastingTable,crafting
tconstruct.plugins.nei.RecipeHandlerCastingBasin,crafting
minechem.nei.DecomposerNEIRecipeHandler,crafting
minechem.nei.SynthesisNEIRecipeHandler,crafting
minechem.nei.ChemicalBucketNEIRecipeHandler,crafting
Reika.RotaryCraft.ModInterface.NEI.WorktableRecipeHandler,crafting
Reika.RotaryCraft.ModInterface.NEI.ToolChargingHandler,crafting
Reika.RotaryCraft.ModInterface.NEI.ToolCraftingHandler,crafting
Reika.RotaryCraft.ModInterface.NEI.BlastFurnaceHandler,crafting
Reika.RotaryCraft.ModInterface.NEI.GrinderHandler,crafting
Reika.RotaryCraft.ModInterface.NEI.ExtractorHandler,crafting
Reika.RotaryCraft.ModInterface.NEI.FermenterHandler,crafting
Reika.RotaryCraft.ModInterface.NEI.CompactorHandler,crafting
Reika.RotaryCraft.ModInterface.NEI.PulseJetHandler,crafting
Reika.RotaryCraft.ModInterface.NEI.FractionHandler,crafting
Reika.RotaryCraft.ModInterface.NEI.CrystallizerHandler,crafting
Reika.RotaryCraft.ModInterface.NEI.FridgeHandler,crafting
Reika.RotaryCraft.ModInterface.NEI.FillingStationHandler,crafting
Reika.RotaryCraft.ModInterface.NEI.FrictionHandler,crafting
Reika.RotaryCraft.ModInterface.NEI.ComposterHandler,crafting
Reika.RotaryCraft.ModInterface.NEI.LavaMakerHandler,crafting
Reika.RotaryCraft.ModInterface.NEI.CentrifugeHandler,crafting
Reika.RotaryCraft.ModInterface.NEI.DryingBedHandler,crafting
crazypants.enderio.nei.AlloySmelterRecipeHandler,crafting
crazypants.enderio.nei.SagMillRecipeHandler,crafting
crazypants.enderio.nei.VatRecipeHandler,crafting
crazypants.enderio.nei.EnchanterRecipeHandler,crafting
crazypants.enderio.nei.SliceAndSpliceRecipeHandler,crafting
crazypants.enderio.nei.SoulBinderRecipeHandler,crafting
com.rwtema.extrautils.nei.EnderConstructorHandler,crafting
com.rwtema.extrautils.nei.InfoHandler,crafting
com.rwtema.extrautils.nei.SoulHandler,crafting
com.rwtema.extrautils.nei.FMPMicroBlocksHandler,crafting
com.rwtema.extrautils.nei.MicroBlocksHandler,crafting
micdoodle8.mods.galacticraft.planets.asteroids.nei.RocketT3RecipeHandler,crafting
micdoodle8.mods.galacticraft.planets.mars.nei.RocketT2RecipeHandler,crafting
micdoodle8.mods.galacticraft.planets.mars.nei.CargoRocketRecipeHandler,crafting
micdoodle8.mods.galacticraft.planets.mars.nei.GasLiquefierRecipeHandler,crafting
micdoodle8.mods.galacticraft.planets.mars.nei.MethaneSynthesizerRecipeHandler,crafting
net.bdew.gendustry.nei.TemplateCraftingHandler,crafting
net.bdew.gendustry.nei.MutagenProducerHandler,crafting
net.bdew.gendustry.nei.MutatronHandler,crafting
net.bdew.gendustry.nei.SamplerHandler,crafting
net.bdew.gendustry.nei.ImprinterHandler,crafting
net.bdew.gendustry.nei.ExtractorHandler,crafting
net.bdew.gendustry.nei.LiquifierHandler,crafting
net.bdew.gendustry.nei.ReplicatorHandler,crafting
net.bdew.gendustry.nei.TransposerHandler,crafting
net.bdew.neiaddons.forestry.bees.BeeBreedingHandler,crafting
net.bdew.neiaddons.forestry.bees.BeeProduceHandler,crafting
net.bdew.neiaddons.forestry.trees.TreeBreedingHandler,crafting
net.bdew.neiaddons.forestry.trees.TreeProduceHandler,crafting
net.bdew.neiaddons.forestry.butterflies.ButterflyBreedingHandler,crafting
tonius.neiintegration.mods.mcforge.RecipeHandlerFluidRegistry,crafting
tonius.neiintegration.mods.mcforge.RecipeHandlerOreDictionary,crafting
tonius.neiintegration.mods.bigreactors.RecipeHandlerCyaniteReprocessor,crafting
tonius.neiintegration.mods.forestry.RecipeHandlerShapedCustom,crafting
tonius.neiintegration.mods.forestry.RecipeHandlerBottler,crafting
tonius.neiintegration.mods.forestry.RecipeHandlerCarpenter,crafting
tonius.neiintegration.mods.forestry.RecipeHandlerCentrifuge,crafting
tonius.neiintegration.mods.forestry.RecipeHandlerFabricator,crafting
tonius.neiintegration.mods.forestry.RecipeHandlerFermenter,crafting
tonius.neiintegration.mods.forestry.RecipeHandlerMoistener,crafting
tonius.neiintegration.mods.forestry.RecipeHandlerSqueezer,crafting
tonius.neiintegration.mods.forestry.RecipeHandlerStill,crafting
tonius.neiintegration.mods.harvestcraft.RecipeHandlerApiary,crafting
tonius.neiintegration.mods.harvestcraft.RecipeHandlerPresser,crafting
tonius.neiintegration.mods.minefactoryreloaded.RecipeHandlerBioReactor,crafting
tonius.neiintegration.mods.minefactoryreloaded.RecipeHandlerComposter,crafting
tonius.neiintegration.mods.minefactoryreloaded.RecipeHandlerGrinder,crafting
tonius.neiintegration.mods.minefactoryreloaded.RecipeHandlerHarvester,crafting
tonius.neiintegration.mods.minefactoryreloaded.RecipeHandlerLaserDrill,crafting
tonius.neiintegration.mods.minefactoryreloaded.RecipeHandlerLavaFabricator,crafting
tonius.neiintegration.mods.minefactoryreloaded.RecipeHandlerMeatPacker,crafting
tonius.neiintegration.mods.minefactoryreloaded.RecipeHandlerSewer,crafting
tonius.neiintegration.mods.minefactoryreloaded.RecipeHandlerSlaughterhouse,crafting
tonius.neiintegration.mods.minefactoryreloaded.RecipeHandlerSludgeBoiler,crafting
tonius.neiintegration.mods.railcraft.RecipeHandlerBlastFurnace,crafting
tonius.neiintegration.mods.railcraft.RecipeHandlerCokeOven,crafting
tonius.neiintegration.mods.railcraft.RecipeHandlerRockCrusher,crafting
tonius.neiintegration.mods.railcraft.RecipeHandlerRollingMachineShaped,crafting
tonius.neiintegration.mods.railcraft.RecipeHandlerRollingMachineShapeless,crafting
neresources.nei.NEIMobHandler,crafting
neresources.nei.NEIOreHandler,crafting
neresources.nei.NEIDungeonHandler,crafting
neresources.nei.NEIPlantHandler,crafting
neresources.nei.NEIAdvSeedHandler,crafting
Reika.ReactorCraft.NEI.NH3Handler,crafting
Reika.ReactorCraft.NEI.UProcessorHandler,crafting
Reika.ReactorCraft.NEI.CentrifugeHandler,crafting
Reika.ReactorCraft.NEI.ElectrolyzerHandler,crafting
tombenpotter.sanguimancy.compat.nei.NEICorruptedInfusion,crafting
com.djgiannuzz.thaumcraftneiplugin.nei.recipehandler.ArcaneShapedRecipeHandler,crafting
com.djgiannuzz.thaumcraftneiplugin.nei.recipehandler.ArcaneShapelessRecipeHandler,crafting
com.djgiannuzz.thaumcraftneiplugin.nei.recipehandler.CrucibleRecipeHandler,crafting
com.djgiannuzz.thaumcraftneiplugin.nei.recipehandler.InfusionRecipeHandler,crafting
com.djgiannuzz.thaumcraftneiplugin.nei.recipehandler.AspectRecipeHandler,crafting
cofh.thermaldynamics.plugins.nei.RecipeHandlerCover,crafting
com.emoniph.witchery.integration.NEIWitchesOvenRecipeHandler,crafting
com.emoniph.witchery.integration.NEIDistilleryRecipeHandler,crafting
com.emoniph.witchery.integration.NEIKettleRecipeHandler,crafting
com.emoniph.witchery.integration.NEICauldronRecipeHandler,crafting
com.emoniph.witchery.integration.NEISpinningWheelRecipeHandler,crafting
appeng.integration.modules.NEIHelpers.NEIAEShapedRecipeHandler,usage
appeng.integration.modules.NEIHelpers.NEIAEShapelessRecipeHandler,usage
appeng.integration.modules.NEIHelpers.NEIInscriberRecipeHandler,usage
appeng.integration.modules.NEIHelpers.NEIWorldCraftingHandler,usage
appeng.integration.modules.NEIHelpers.NEIGrinderRecipeHandler,usage
appeng.integration.modules.NEIHelpers.NEIFacadeRecipeHandler,usage
buildcraft.compat.nei.RecipeHandlerRefinery,usage
buildcraft.compat.nei.RecipeHandlerAssemblyTable,usage
buildcraft.compat.nei.RecipeHandlerIntegrationTable,usage
com.plugins.SugarFurnaceRecipesHandler,usage
com.plugins.SugarFactoryRecipesHandler,usage
com.plugins.AdvancedSugarFactoryRecipesHandler,usage
gcewing.projectblue.nei.NEIRecipeHandler,usage
codechicken.nei.recipe.ShapedRecipeHandler,usage
codechicken.nei.recipe.ShapelessRecipeHandler,usage
codechicken.nei.recipe.FireworkRecipeHandler,usage
codechicken.nei.recipe.FurnaceRecipeHandler,usage
codechicken.nei.recipe.BrewingRecipeHandler,usage
codechicken.nei.recipe.FuelRecipeHandler,usage
codechicken.nei.recipe.ProfilerRecipeHandler,usage
aroma1997.core.recipes.nei.ShapedAromicRecipeHandler,usage
aroma1997.core.recipes.nei.ShapelessAromicRecipeHandler,usage
factorization.nei.RecipeCrystallizer,usage
factorization.nei.RecipeGrinder,usage
factorization.nei.RecipeSlagFurnace,usage
logisticspipes.nei.NEISolderingStationRecipeManager,usage
mekanism.client.nei.EnrichmentChamberRecipeHandler,usage
mekanism.client.nei.OsmiumCompressorRecipeHandler,usage
mekanism.client.nei.CrusherRecipeHandler,usage
mekanism.client.nei.CombinerRecipeHandler,usage
mekanism.client.nei.MetallurgicInfuserRecipeHandler,usage
mekanism.client.nei.PurificationChamberRecipeHandler,usage
mekanism.client.nei.ChemicalInjectionChamberRecipeHandler,usage
mekanism.client.nei.MekanismRecipeHandler,usage
mekanism.client.nei.ChemicalOxidizerRecipeHandler,usage
mekanism.client.nei.ChemicalInfuserRecipeHandler,usage
mekanism.client.nei.RotaryCondensentratorRecipeHandler,usage
mekanism.client.nei.ElectrolyticSeparatorRecipeHandler,usage
mekanism.client.nei.PrecisionSawmillRecipeHandler,usage
mekanism.client.nei.SolarEvaporationRecipeHandler,usage
mekanism.client.nei.ChemicalDissolutionChamberRecipeHandler,usage
mekanism.client.nei.ChemicalWasherRecipeHandler,usage
mekanism.client.nei.ChemicalCrystallizerRecipeHandler,usage
mekanism.client.nei.PRCRecipeHandler,usage
mekanism.client.nei.SolarNeutronRecipeHandler,usage
mrtjp.projectred.core.libmc.recipe.PRShapedRecipeHandler,usage
mrtjp.projectred.core.libmc.recipe.PRShapelessRecipeHandler,usage
lumien.randomthings.Handler.ModCompability.NEI.ImbuingStationRecipeHandler,usage
micdoodle8.mods.galacticraft.core.nei.RocketT1RecipeHandler,usage
micdoodle8.mods.galacticraft.core.nei.BuggyRecipeHandler,usage
micdoodle8.mods.galacticraft.core.nei.RefineryRecipeHandler,usage
micdoodle8.mods.galacticraft.core.nei.CircuitFabricatorRecipeHandler,usage
micdoodle8.mods.galacticraft.core.nei.IngotCompressorRecipeHandler,usage
micdoodle8.mods.galacticraft.core.nei.ElectricIngotCompressorRecipeHandler,usage
cofh.thermalexpansion.plugins.nei.handlers.RecipeHandlerCraftingMachine,usage
cofh.thermalexpansion.plugins.nei.handlers.RecipeHandlerCraftingUpgrade,usage
cofh.thermalexpansion.plugins.nei.handlers.RecipeHandlerCraftingSecure,usage
cofh.thermalexpansion.plugins.nei.handlers.RecipeHandlerFurnace,usage
cofh.thermalexpansion.plugins.nei.handlers.RecipeHandlerPulverizer,usage
cofh.thermalexpansion.plugins.nei.handlers.RecipeHandlerSawmill,usage
cofh.thermalexpansion.plugins.nei.handlers.RecipeHandlerSmelter,usage
cofh.thermalexpansion.plugins.nei.handlers.RecipeHandlerCrucible,usage
cofh.thermalexpansion.plugins.nei.handlers.RecipeHandlerTransposer,usage
cofh.thermalexpansion.plugins.nei.handlers.RecipeHandlerInsolator,usage
cofh.thermalexpansion.plugins.nei.handlers.RecipeHandlerCharger,usage
WayofTime.alchemicalWizardry.client.nei.NEIAlchemyRecipeHandler,usage
WayofTime.alchemicalWizardry.client.nei.NEIAltarRecipeHandler,usage
WayofTime.alchemicalWizardry.client.nei.NEIBloodOrbShapedHandler,usage
WayofTime.alchemicalWizardry.client.nei.NEIBloodOrbShapelessHandler,usage
WayofTime.alchemicalWizardry.client.nei.NEIBindingRitualHandler,usage
vazkii.botania.client.integration.nei.RecipeHandlerFloatingFlowers,usage
vazkii.botania.client.integration.nei.RecipeHandlerPetalApothecary,usage
vazkii.botania.client.integration.nei.RecipeHandlerRunicAltar,usage
vazkii.botania.client.integration.nei.RecipeHandlerManaPool,usage
vazkii.botania.client.integration.nei.RecipeHandlerElvenTrade,usage
vazkii.botania.client.integration.nei.RecipeHandlerBrewery,usage
buildcraftAdditions.compat.nei.DustingRecipeHandler,usage
com.cricketcraft.chisel.compat.nei.RecipeHandlerChisel,usage
tconstruct.plugins.nei.RecipeHandlerDryingRack,usage
tconstruct.plugins.nei.RecipeHandlerToolMaterials,usage
tconstruct.plugins.nei.RecipeHandlerMelting,usage
tconstruct.plugins.nei.RecipeHandlerAlloying,usage
tconstruct.plugins.nei.RecipeHandlerCastingTable,usage
tconstruct.plugins.nei.RecipeHandlerCastingBasin,usage
minechem.nei.DecomposerNEIRecipeHandler,usage
minechem.nei.SynthesisNEIRecipeHandler,usage
minechem.nei.ChemicalBucketNEIRecipeHandler,usage
Reika.RotaryCraft.ModInterface.NEI.WorktableRecipeHandler,usage
Reika.RotaryCraft.ModInterface.NEI.ToolChargingHandler,usage
Reika.RotaryCraft.ModInterface.NEI.ToolCraftingHandler,usage
Reika.RotaryCraft.ModInterface.NEI.BlastFurnaceHandler,usage
Reika.RotaryCraft.ModInterface.NEI.GrinderHandler,usage
Reika.RotaryCraft.ModInterface.NEI.ExtractorHandler,usage
Reika.RotaryCraft.ModInterface.NEI.FermenterHandler,usage
Reika.RotaryCraft.ModInterface.NEI.CompactorHandler,usage
Reika.RotaryCraft.ModInterface.NEI.PulseJetHandler,usage
Reika.RotaryCraft.ModInterface.NEI.FractionHandler,usage
Reika.RotaryCraft.ModInterface.NEI.CrystallizerHandler,usage
Reika.RotaryCraft.ModInterface.NEI.FridgeHandler,usage
Reika.RotaryCraft.ModInterface.NEI.FillingStationHandler,usage
Reika.RotaryCraft.ModInterface.NEI.FrictionHandler,usage
Reika.RotaryCraft.ModInterface.NEI.ComposterHandler,usage
Reika.RotaryCraft.ModInterface.NEI.LavaMakerHandler,usage
Reika.RotaryCraft.ModInterface.NEI.CentrifugeHandler,usage
Reika.RotaryCraft.ModInterface.NEI.DryingBedHandler,usage
crazypants.enderio.nei.AlloySmelterRecipeHandler,usage
crazypants.enderio.nei.SagMillRecipeHandler,usage
crazypants.enderio.nei.VatRecipeHandler,usage
crazypants.enderio.nei.EnchanterRecipeHandler,usage
crazypants.enderio.nei.SliceAndSpliceRecipeHandler,usage
crazypants.enderio.nei.SoulBinderRecipeHandler,usage
com.rwtema.extrautils.nei.EnderConstructorHandler,usage
com.rwtema.extrautils.nei.InfoHandler,usage
com.rwtema.extrautils.nei.SoulHandler,usage
com.rwtema.extrautils.nei.FMPMicroBlocksHandler,usage
com.rwtema.extrautils.nei.MicroBlocksHandler,usage
micdoodle8.mods.galacticraft.planets.asteroids.nei.RocketT3RecipeHandler,usage
micdoodle8.mods.galacticraft.planets.mars.nei.RocketT2RecipeHandler,usage
micdoodle8.mods.galacticraft.planets.mars.nei.CargoRocketRecipeHandler,usage
micdoodle8.mods.galacticraft.planets.mars.nei.GasLiquefierRecipeHandler,usage
micdoodle8.mods.galacticraft.planets.mars.nei.MethaneSynthesizerRecipeHandler,usage
net.bdew.gendustry.nei.TemplateCraftingHandler,usage
net.bdew.gendustry.nei.MutagenProducerHandler,usage
net.bdew.gendustry.nei.MutatronHandler,usage
net.bdew.gendustry.nei.SamplerHandler,usage
net.bdew.gendustry.nei.ImprinterHandler,usage
net.bdew.gendustry.nei.ExtractorHandler,usage
net.bdew.gendustry.nei.LiquifierHandler,usage
net.bdew.gendustry.nei.ReplicatorHandler,usage
net.bdew.gendustry.nei.TransposerHandler,usage
net.bdew.neiaddons.forestry.bees.BeeBreedingHandler,usage
net.bdew.neiaddons.forestry.bees.BeeProduceHandler,usage
net.bdew.neiaddons.forestry.trees.TreeBreedingHandler,usage
net.bdew.neiaddons.forestry.trees.TreeProduceHandler,usage
net.bdew.neiaddons.forestry.butterflies.ButterflyBreedingHandler,usage
tonius.neiintegration.mods.mcforge.RecipeHandlerFluidRegistry,usage
tonius.neiintegration.mods.mcforge.RecipeHandlerOreDictionary,usage
tonius.neiintegration.mods.bigreactors.RecipeHandlerCyaniteReprocessor,usage
tonius.neiintegration.mods.forestry.RecipeHandlerShapedCustom,usage
tonius.neiintegration.mods.forestry.RecipeHandlerBottler,usage
tonius.neiintegration.mods.forestry.RecipeHandlerCarpenter,usage
tonius.neiintegration.mods.forestry.RecipeHandlerCentrifuge,usage
tonius.neiintegration.mods.forestry.RecipeHandlerFabricator,usage
tonius.neiintegration.mods.forestry.RecipeHandlerFermenter,usage
tonius.neiintegration.mods.forestry.RecipeHandlerMoistener,usage
tonius.neiintegration.mods.forestry.RecipeHandlerSqueezer,usage
tonius.neiintegration.mods.forestry.RecipeHandlerStill,usage
tonius.neiintegration.mods.harvestcraft.RecipeHandlerApiary,usage
tonius.neiintegration.mods.harvestcraft.RecipeHandlerPresser,usage
tonius.neiintegration.mods.minefactoryreloaded.RecipeHandlerBioReactor,usage
tonius.neiintegration.mods.minefactoryreloaded.RecipeHandlerComposter,usage
tonius.neiintegration.mods.minefactoryreloaded.RecipeHandlerGrinder,usage
tonius.neiintegration.mods.minefactoryreloaded.RecipeHandlerHarvester,usage
tonius.neiintegration.mods.minefactoryreloaded.RecipeHandlerLaserDrill,usage
tonius.neiintegration.mods.minefactoryreloaded.RecipeHandlerLavaFabricator,usage
tonius.neiintegration.mods.minefactoryreloaded.RecipeHandlerMeatPacker,usage
tonius.neiintegration.mods.minefactoryreloaded.RecipeHandlerSewer,usage
tonius.neiintegration.mods.minefactoryreloaded.RecipeHandlerSlaughterhouse,usage
tonius.neiintegration.mods.minefactoryreloaded.RecipeHandlerSludgeBoiler,usage
tonius.neiintegration.mods.railcraft.RecipeHandlerBlastFurnace,usage
tonius.neiintegration.mods.railcraft.RecipeHandlerCokeOven,usage
tonius.neiintegration.mods.railcraft.RecipeHandlerRockCrusher,usage
tonius.neiintegration.mods.railcraft.RecipeHandlerRollingMachineShaped,usage
tonius.neiintegration.mods.railcraft.RecipeHandlerRollingMachineShapeless,usage
neresources.nei.NEIEnchantmentHandler,usage
neresources.nei.NEIMobHandler,usage
neresources.nei.NEIPlantHandler,usage
neresources.nei.NEIAdvSeedHandler,usage
Reika.ReactorCraft.NEI.NH3Handler,usage
Reika.ReactorCraft.NEI.UProcessorHandler,usage
Reika.ReactorCraft.NEI.CentrifugeHandler,usage
Reika.ReactorCraft.NEI.ElectrolyzerHandler,usage
tombenpotter.sanguimancy.compat.nei.NEICorruptedInfusion,usage
tombenpotter.sanguimancy.compat.nei.NEIBloodCleanser,usage
com.djgiannuzz.thaumcraftneiplugin.nei.recipehandler.ArcaneShapedRecipeHandler,usage
com.djgiannuzz.thaumcraftneiplugin.nei.recipehandler.ArcaneShapelessRecipeHandler,usage
com.djgiannuzz.thaumcraftneiplugin.nei.recipehandler.CrucibleRecipeHandler,usage
com.djgiannuzz.thaumcraftneiplugin.nei.recipehandler.InfusionRecipeHandler,usage
com.djgiannuzz.thaumcraftneiplugin.nei.recipehandler.AspectRecipeHandler,usage
cofh.thermaldynamics.plugins.nei.RecipeHandlerCover,usage
com.emoniph.witchery.integration.NEIWitchesOvenRecipeHandler,usage
com.emoniph.witchery.integration.NEIDistilleryRecipeHandler,usage
com.emoniph.witchery.integration.NEICauldronRecipeHandler,usage
com.emoniph.witchery.integration.NEISpinningWheelRecipeHandler,usage
